<?xml version="1.0" encoding="UTF-8"?>
<project-private xmlns="http://www.netbeans.org/ns/project-private/1">
    <editor-bookmarks xmlns="http://www.netbeans.org/ns/editor-bookmarks/2" lastBookmarkId="0"/>
    <open-files xmlns="http://www.netbeans.org/ns/projectui-open-files/2">
        <group>
            <file>file:/C:/Users/ACER/OneDrive/Documents/NetBeansProjects/PBO2_2310010643/src/pbo2_2310010643/PBO2_2310010643.java</file>
            <file>file:/C:/Users/ACER/OneDrive/Documents/NetBeansProjects/PBO2_2310010643/src/configdb/tbl_task.java</file>
            <file>file:/C:/Users/ACER/OneDrive/Documents/NetBeansProjects/PBO2_2310010643/src/configdb/tbl_questions.java</file>
            <file>file:/C:/Users/ACER/OneDrive/Documents/NetBeansProjects/PBO2_2310010643/src/configdb/tbl_task_results.java</file>
            <file>file:/C:/Users/ACER/OneDrive/Documents/NetBeansProjects/PBO2_2310010643/src/frame/frameutama.java</file>
            <file>file:/C:/Users/ACER/OneDrive/Documents/NetBeansProjects/PBO2_2310010643/src/configdb/tbl_jabatan.java</file>
            <file>file:/C:/Users/ACER/OneDrive/Documents/NetBeansProjects/PBO2_2310010643/src/frame/frametask.java</file>
            <file>file:/C:/Users/ACER/OneDrive/Documents/NetBeansProjects/PBO2_2310010643/src/frame/framequestions.java</file>
            <file>file:/C:/Users/ACER/OneDrive/Documents/NetBeansProjects/PBO2_2310010643/src/frame/frametaskresults.java</file>
            <file>file:/C:/Users/ACER/OneDrive/Documents/NetBeansProjects/PBO2_2310010643/src/frame/framejabatan.java</file>
        </group>
    </open-files>
</project-private>
