<?xml version="1.0" encoding="UTF-8"?>
<project-private xmlns="http://www.netbeans.org/ns/project-private/1">
    <editor-bookmarks xmlns="http://www.netbeans.org/ns/editor-bookmarks/2" lastBookmarkId="0"/>
    <open-files xmlns="http://www.netbeans.org/ns/projectui-open-files/2">
        <group>
            <file>file:/D:/Tugas%20semster%205/praktekPBO21/src/praktekpbo2/Praktekpbo2.java</file>
            <file>file:/D:/Tugas%20semster%205/praktekPBO21/src/configDB/crud.java</file>
            <file>file:/D:/Tugas%20semster%205/praktekPBO21/src/frame/frameAnggota.java</file>
        </group>
    </open-files>
</project-private>
